{
  "project_info": {
    "project_number": "482321907516",
    "project_id": "uasflutterpalp",
    "storage_bucket": "uasflutterpalp.firebasestorage.app"
  },
  "client": [
    {
      "client_info": {
        "mobilesdk_app_id": "1:482321907516:android:e5dffc8bea805df9da2839",
        "android_client_info": {
          "package_name": "com.tes.uasflutter"
        }
      },
      "oauth_client": [],
      "api_key": [
        {
          "current_key": "AIzaSyDI3Cm1SwezqvkERuoeCC5Ojn5gl0aa2S8"
        }
      ],
      "services": {
        "appinvite_service": {
          "other_platform_oauth_client": []
        }
      }
    }
  ],
  "configuration_version": "1"
}